關鍵字,品名,單價,庫存,瀏覽數,連結
輪迴碑石,【輪迴碑石】輪迴碑石 輪迴碑石 輪迴碑石 輪迴碑石 輪迴碑石 輪迴碑石 輪迴碑石 輪迴碑石,31000,1,11,https://www.8591.com.tw/v3/mall/detail/2414264584
輪迴碑石,【輪迴碑石】輪迴碑石,28000,1,43,https://www.8591.com.tw/v3/mall/detail/2414277160
輪迴碑石,【輪迴碑石】輪迴碑石,32978,1,9,https://www.8591.com.tw/v3/mall/detail/2413978659
輪迴碑石,輪迴碑石,38000,1,6,https://www.8591.com.tw/v3/mall/detail/2414134302
輪迴碑石,輪迴碑石,32978,1,2,https://www.8591.com.tw/v3/mall/detail/2413999149
輪迴碑石,【輪迴碑石】輪迴碑石 含剪刀,37999,1,830,https://www.8591.com.tw/v3/mall/detail/2405863383
輪迴碑石,【輪迴碑石】輪迴碑石 乾淨無浮動,31914,1,0,https://www.8591.com.tw/v3/mall/detail/2414314113
輪迴碑石,【輪迴碑石】賣谷便宜賣 輪迴碑石,28500,1,57,https://www.8591.com.tw/v3/mall/detail/2414202260
輪迴碑石,白字輪迴碑石,30000,1,9,https://www.8591.com.tw/v3/mall/detail/2414078968
輪迴碑石,【輪迴碑石】輪迴碑石(含刀) 單在東西在,34638,1,7,https://www.8591.com.tw/v3/mall/detail/2414257977
輪迴碑石,輪迴碑石分期/月繳,2600,30,767,https://www.8591.com.tw/v3/mall/detail/2409388170
輪迴碑石,【輪迴碑石】輪迴碑石 可加購燃燒戒指,30000,1,21,https://www.8591.com.tw/v3/mall/detail/2413972966
輪迴碑石,輪迴碑石 含剪刀,31914,1,0,https://www.8591.com.tw/v3/mall/detail/2414249315
輪迴碑石,【輪迴碑石】白字輪迴,30000,1,115,https://www.8591.com.tw/v3/mall/detail/2413711812
輪迴碑石,【輪迴碑石】白字輪迴碑石 可下標 單在物品在,31914,1,40,https://www.8591.com.tw/v3/mall/detail/2414058741
輪迴碑石,【輪迴碑石+燃燒】白字輪迴碑石+燃燒 一套 輪燒,31382,1,31,https://www.8591.com.tw/v3/mall/detail/2414129511
輪迴碑石,【輪迴碑石】輪迴碑石 燃燒之戒 輪燒 保字號,33000,3,91,https://www.8591.com.tw/v3/mall/detail/2413440190
輪迴碑石,【輪迴碑石】白字輪迴,32978,1,52,https://www.8591.com.tw/v3/mall/detail/2413875134
輪迴碑石,【輪迴碑石】藍字輪迴,37000,1,110,https://www.8591.com.tw/v3/mall/detail/2411638052
輪迴碑石,【輪迴碑石】玩家自賣白字輪迴碑石(含剪刀),36542,1,17,https://www.8591.com.tw/v3/mall/detail/2413710725
輪迴碑石,【輪迴碑石】輪迴碑石 另售白字 輪迴 碑石 輪燒 燃燒,28500,986,3026,https://www.8591.com.tw/v3/mall/detail/2399443439
輪迴碑石,【輪迴碑石】輪迴碑石 已剪好 單在東西在 快速交易🔥,29499,997,5815,https://www.8591.com.tw/v3/mall/detail/2394684618
輪迴碑石,【輪迴碑石+燃燒】白字輪迴碑石+燃燒 一套 輪燒,31382,1,31,https://www.8591.com.tw/v3/mall/detail/2414129511
輪迴碑石,【保字輪迴提問區】輪迴碑石,33000,1,684,https://www.8591.com.tw/v3/mall/detail/2409572689
輪迴碑石,【輪迴碑石】輪迴碑石 含刀 白字輪迴 未穿過（可無限交易）,47872,1,1301,https://www.8591.com.tw/v3/mall/detail/2383805422
輪迴碑石,【08/16輪迴碑石】白字輪迴碑石 含刀 無浮動 賓果輪燒,28999,99,843,https://www.8591.com.tw/v3/mall/detail/2406365834
輪迴碑石,【輪迴碑石】輪燒/白字輪迴/輪迴碑石/燃燒戒指/含刀,34000,1,650,https://www.8591.com.tw/v3/mall/detail/2409195682
輪迴碑石,【輪迴碑石】輪迴碑石 ⭐政府立案 包售後⭐ 現貨馬上交易,45000,3,481,https://www.8591.com.tw/v3/mall/detail/2405350199
輪迴碑石,【輪迴碑石】白字輪迴(含刀),31382,1,23,https://www.8591.com.tw/v3/mall/detail/2414139061
輪迴碑石,【輪迴碑石】藍字 輪迴碑石 加全數值 另售白字 輪迴 碑石 輪燒 燃燒,28500,989,2017,https://www.8591.com.tw/v3/mall/detail/2399810598
輪迴碑石,【輪迴碑石】無限交易輪3W,31914,1,5,https://www.8591.com.tw/v3/mall/detail/2414211651
輪迴碑石,【輪迴碑石】藍字4智5幸3魔,37500,1,70,https://www.8591.com.tw/v3/mall/detail/2410849621
輪迴碑石,【藍字輪迴碑石】自出剪刀,42500,1,41,https://www.8591.com.tw/v3/mall/detail/2410774035
輪迴碑石,【白字輪迴碑石2.7】實收含刀,66666,1,125,https://www.8591.com.tw/v3/mall/detail/2412968840
輪迴碑石,【輪迴碑石】輪迴碑石 燃燒戒指 輪燒 燃燒之戒 石頭 單輪 賓果,28500,154,949,https://www.8591.com.tw/v3/mall/detail/2399902005
輪迴碑石,【輪迴碑石】輪迴碑石輪迴浮動 +2 物魔攻力量劍士退谷出清,38000,1,252,https://www.8591.com.tw/v3/mall/detail/2409059846
輪迴碑石,【輪迴碑石】價格含刀可直下 無浮動,38297,1,18,https://www.8591.com.tw/v3/mall/detail/2412319028
輪迴碑石,【輪迴碑石】買送剪 已解除封印之鎖,42553,1,7,https://www.8591.com.tw/v3/mall/detail/2413976096
輪迴碑石,【輪迴碑石】浮動輪/頂級法師輪/智力輪,53191,1,1180,https://www.8591.com.tw/v3/mall/detail/2394141939
輪迴碑石,【白字輪迴碑石、六代經驗P一套】皆含刀,55319,1,68,https://www.8591.com.tw/v3/mall/detail/2411972381
輪迴碑石,【輪迴碑石】安全第一名 輪迴碑石 有發票 有公司登記 有保證金5萬 詐騙猖狂謹慎交易,29999,4,647,https://www.8591.com.tw/v3/mall/detail/2409779732
輪迴碑石,【輪迴碑石】白字 未穿無限交易 燈亮可以直下,32000,1,13,https://www.8591.com.tw/v3/mall/detail/2414078447
輪迴碑石,【輪迴碑石】白字，含剪刀，26K實收【愛情】,27659,1,59,https://www.8591.com.tw/v3/mall/detail/2413665729
輪迴碑石,【輪迴碑石 藍字/輪迴】藍字輪迴 力量++智力++敏捷++,40000,1,35,https://www.8591.com.tw/v3/mall/detail/2412969889
輪迴碑石,【輪迴碑石】退谷 藍字浮動+2智+3魔攻法師,40000,1,820,https://www.8591.com.tw/v3/mall/detail/2393282785
輪迴碑石,【各式裝備、輪迴碑石、道具、帳號】全區可分期/月繳,1688,5,989,https://www.8591.com.tw/v3/mall/detail/2409469338
輪迴碑石,【輪迴】輪迴碑石3萬3實收 下標詢問是否有貨 保字號,35106,1,637,https://www.8591.com.tw/v3/mall/detail/2405635167
輪迴碑石,【【輪迴碑石+燃燒戒指 輪燒】白字】白字】輪燒一組(含刀),33000,1,15,https://www.8591.com.tw/v3/mall/detail/2413632637
輪迴碑石,🔷輪迴碑石🔷正常數值：白字15攻擊、15魔攻🔷含剪刀,55000,1,1551,https://www.8591.com.tw/v3/mall/detail/2367691669
輪迴碑石,【輪迴碑石】白字輪迴 3萬實收 下標前小窗 可遊戲內看實物,30000,1,92,https://www.8591.com.tw/v3/mall/detail/2413794740
輪迴碑石,【小筱精靈圖騰】小筱圖騰 圖騰 非退谷輪迴碑石,1200,1,341,https://www.8591.com.tw/v3/mall/detail/2411497299
輪迴碑石,【輪迴碑石】22星%力神秘/女武/ %幸全面控制核心 雙傳,199999,19,270,https://www.8591.com.tw/v3/mall/detail/2413077368
輪迴碑石,【5萬保字號輪迴碑石 多筆紀錄 全服現貨】保字會員/輪迴碑石/付款方式皆可商量/全服現貨/找保字買份安心/近期詐騙多請留意,38000,21,793,https://www.8591.com.tw/v3/mall/detail/2402072666
輪迴碑石,【輪迴碑石】輪迴/單輪 29499T（不用實收）不議價！,29499,1,340,https://www.8591.com.tw/v3/mall/detail/2411777052
輪迴碑石,【燃燒之戒】燃燒戒指 燃燒 此單可直下 含刀 另有輪迴碑石,2659,98,647,https://www.8591.com.tw/v3/mall/detail/2408022801
輪迴碑石,【輪迴碑石】愛麗西亞 白字輪迴 實收29000(含剪),32000,1,1,https://www.8591.com.tw/v3/mall/detail/2414152350
輪迴碑石,【輪迴碑石】已剪 割愛換現金 實收36000 晚上較方便交易,38297,1,11,https://www.8591.com.tw/v3/mall/detail/2414144100
輪迴碑石,【黑媽媽】🔥輪迴碑石🔥剪好🔥此單=售價，下單前先提問約時間交易🔥現貨1個,32500,1,2,https://www.8591.com.tw/v3/mall/detail/2414271007
輪迴碑石,【退谷】輪迴碑石/燃燒戒指/白字輪迴/輪燒一套/白字輪燒/價格含刀,30000,1,74,https://www.8591.com.tw/v3/mall/detail/2412490412
輪迴碑石,【輪迴】⭐妮妮⭐輪迴碑石 全服現貨 保證最低 營業登記+保證金 最安全是我是我,29900,9,453,https://www.8591.com.tw/v3/mall/detail/2408871537
輪迴碑石,"【輪迴碑石】*31,914.89* 三萬實收的輪迴【可下標】小窗詢問、可遊戲看貨",31914,10,11,https://www.8591.com.tw/v3/mall/detail/2414082684
輪迴碑石,✔保字✔營業登記✔政府立案✔免費估價 高價收購退坑帳號（可整組）輪迴碑石 高價裝,111111,50,74,https://www.8591.com.tw/v3/mall/detail/2411678415
輪迴碑石,🔷輪迴碑石🔷正常數值：白字15攻擊、15魔攻🔷含剪刀（現貨直接下單）,55000,1,1425,https://www.8591.com.tw/v3/mall/detail/2367556137
輪迴碑石,【輪迴碑石】火毒退谷 天上 %智 P寵 MX131 輪迴 燃燒戒指,99999,1,43,https://www.8591.com.tw/v3/mall/detail/2414261081
輪迴碑石,【輪燒】輪迴碑石+燃燒戒指/輪燒 31999T（不用實收）不議價！,31999,1,125,https://www.8591.com.tw/v3/mall/detail/2411810955
輪迴碑石,【藍字輪迴】藍字浮動輪迴碑石，輪迴碑石輪迴輪迴輪迴輪迴輪迴輪迴輪迴輪迴輪迴輪迴輪迴輪迴輪迴,37234,999,1,https://www.8591.com.tw/v3/mall/detail/2414258397
輪迴碑石,【ERICA】輪迴碑石/燃燒戒指/白字輪迴/輪燒一套/白字輪燒/價格含刀,31000,18,1855,https://www.8591.com.tw/v3/mall/detail/2409761672
輪迴碑石,【永恆套裝神秘套裝漆黑套裝輪迴碑石燃燒戒指天上的氣息】🐲龍皇娛樂🐲全伺服器 全職業配裝 戰地裝 成品裝 新手回遊首選 絕不推銷🐲,3000,999,2139,https://www.8591.com.tw/v3/mall/detail/2380322005
